,referralId,reasons.count,reasons.items,venue.id,venue.name,venue.location.address,venue.location.lat,venue.location.lng,venue.location.labeledLatLngs,venue.location.distance,venue.location.postalCode,venue.location.cc,venue.location.city,venue.location.state,venue.location.country,venue.location.formattedAddress,venue.categories,venue.verified,venue.stats.tipCount,venue.stats.usersCount,venue.stats.checkinsCount,venue.stats.visitsCount,venue.beenHere.count,venue.beenHere.lastCheckinExpiredAt,venue.beenHere.marked,venue.beenHere.unconfirmedCount,venue.photos.count,venue.photos.groups,venue.hereNow.count,venue.hereNow.summary,venue.hereNow.groups,venue.venuePage.id,venue.location.crossStreet,venue.location.neighborhood
0,e-0-56967f7a498ec3a237e7357a-0,0,"[{'summary': 'This spot is popular', 'type': 'general', 'reasonName': 'globalInteractionReason'}]",56967f7a498ec3a237e7357a,Boilerman Bar,Osakaallee 12,53.54245459131936,9.998270324777048,"[{'label': 'display', 'lat': 53.54245459131936, 'lng': 9.998270324777048}]",1314,20457,DE,Hamburg,Hamburg,Deutschland,"['Osakaallee 12', '20457 Hamburg', 'Deutschland']","[{'id': '4bf58dd8d48988d116941735', 'name': 'Bar', 'pluralName': 'Bars', 'shortName': 'Bar', 'icon': {'prefix': 'https://ss3.4sqi.net/img/categories_v2/nightlife/pub_', 'suffix': '.png'}, 'primary': True}]",False,0,0,0,0,0,0,False,0,0,[],0,Nobody here,[],,,
1,e-0-53b6a009498e06cf1e5f31b1-1,0,"[{'summary': 'This spot is popular', 'type': 'general', 'reasonName': 'globalInteractionReason'}]",53b6a009498e06cf1e5f31b1,Mr. Ape,Stellinger Weg 9,53.57775902842624,9.951488506379171,"[{'label': 'display', 'lat': 53.57775902842624, 'lng': 9.951488506379171}]",4119,20255,DE,Hamburg,Hamburg,Deutschland,"['Stellinger Weg 9', '20255 Hamburg', 'Deutschland']","[{'id': '4bf58dd8d48988d116941735', 'name': 'Bar', 'pluralName': 'Bars', 'shortName': 'Bar', 'icon': {'prefix': 'https://ss3.4sqi.net/img/categories_v2/nightlife/pub_', 'suffix': '.png'}, 'primary': True}]",False,0,0,0,0,0,0,False,0,0,[],0,Nobody here,[],,,
2,e-0-4b0f0baaf964a520895e23e3-2,0,"[{'summary': 'This spot is popular', 'type': 'general', 'reasonName': 'globalInteractionReason'}]",4b0f0baaf964a520895e23e3,Le Lion,Rathausstr. 3,53.55012502464838,9.994435961824273,"[{'label': 'display', 'lat': 53.55012502464838, 'lng': 9.994435961824273}]",570,20095,DE,Hamburg,Hamburg,Deutschland,"['Rathausstr. 3', '20095 Hamburg', 'Deutschland']","[{'id': '4bf58dd8d48988d11e941735', 'name': 'Cocktail Bar', 'pluralName': 'Cocktail Bars', 'shortName': 'Cocktail', 'icon': {'prefix': 'https://ss3.4sqi.net/img/categories_v2/nightlife/cocktails_', 'suffix': '.png'}, 'primary': True}]",True,0,0,0,0,0,0,False,0,0,[],0,Nobody here,[],49788480,,
3,e-0-4fa6b8b5e4b0752c6a58484d-3,0,"[{'summary': 'This spot is popular', 'type': 'general', 'reasonName': 'globalInteractionReason'}]",4fa6b8b5e4b0752c6a58484d,Clockers,Paul-Roosen-Str. 27,53.55319210440705,9.95802288148011,"[{'label': 'display', 'lat': 53.55319210440705, 'lng': 9.95802288148011}]",2750,22767,DE,Hamburg,Hamburg,Deutschland,"['Paul-Roosen-Str. 27', '22767 Hamburg', 'Deutschland']","[{'id': '4bf58dd8d48988d116941735', 'name': 'Bar', 'pluralName': 'Bars', 'shortName': 'Bar', 'icon': {'prefix': 'https://ss3.4sqi.net/img/categories_v2/nightlife/pub_', 'suffix': '.png'}, 'primary': True}]",False,0,0,0,0,0,0,False,0,0,[],0,Nobody here,[],,,
4,e-0-4b05885bf964a52070c022e3-4,0,"[{'summary': 'This spot is popular', 'type': 'general', 'reasonName': 'globalInteractionReason'}]",4b05885bf964a52070c022e3,Zoë II / Sofabar,Neuer Pferdemarkt 17,53.55870829656293,9.964223626803104,"[{'label': 'display', 'lat': 53.55870829656293, 'lng': 9.964223626803104}]",2390,20359,DE,Hamburg,Hamburg,Deutschland,"['Neuer Pferdemarkt 17 (Beckstr.)', '20359 Hamburg', 'Deutschland']","[{'id': '4bf58dd8d48988d116941735', 'name': 'Bar', 'pluralName': 'Bars', 'shortName': 'Bar', 'icon': {'prefix': 'https://ss3.4sqi.net/img/categories_v2/nightlife/pub_', 'suffix': '.png'}, 'primary': True}]",False,0,0,0,0,0,0,False,0,0,[],0,Nobody here,[],,Beckstr.,
5,e-0-4b17b942f964a5207dc723e3-5,0,"[{'summary': 'This spot is popular', 'type': 'general', 'reasonName': 'globalInteractionReason'}]",4b17b942f964a5207dc723e3,Katze,Schulterblatt 88,53.56250510442252,9.96149149617522,"[{'label': 'display', 'lat': 53.56250510442252, 'lng': 9.96149149617522}]",2681,20357,DE,Hamburg,Hamburg,Deutschland,"['Schulterblatt 88', '20357 Hamburg', 'Deutschland']","[{'id': '4bf58dd8d48988d116941735', 'name': 'Bar', 'pluralName': 'Bars', 'shortName': 'Bar', 'icon': {'prefix': 'https://ss3.4sqi.net/img/categories_v2/nightlife/pub_', 'suffix': '.png'}, 'primary': True}]",False,0,0,0,0,0,0,False,0,0,[],0,Nobody here,[],,,
6,e-0-4b110cd9f964a520bb7723e3-6,0,"[{'summary': 'This spot is popular', 'type': 'general', 'reasonName': 'globalInteractionReason'}]",4b110cd9f964a520bb7723e3,mutter,Stresemannstr. 11,53.558749187155435,9.962552066221152,"[{'label': 'display', 'lat': 53.558749187155435, 'lng': 9.962552066221152}]",2499,22767,DE,Hamburg,Hamburg,Deutschland,"['Stresemannstr. 11', '22767 Hamburg', 'Deutschland']","[{'id': '4bf58dd8d48988d116941735', 'name': 'Bar', 'pluralName': 'Bars', 'shortName': 'Bar', 'icon': {'prefix': 'https://ss3.4sqi.net/img/categories_v2/nightlife/pub_', 'suffix': '.png'}, 'primary': True}]",False,0,0,0,0,0,0,False,0,0,[],0,Nobody here,[],,,
7,e-0-54b0227d498ee5fc19801c4a-7,0,"[{'summary': 'This spot is popular', 'type': 'general', 'reasonName': 'globalInteractionReason'}]",54b0227d498ee5fc19801c4a,Alles Elbe,Hein-Hoyer-Str. 63,53.55310783592152,9.962821304798126,"[{'label': 'display', 'lat': 53.55310783592152, 'lng': 9.962821304798126}]",2434,20359,DE,Hamburg,Hamburg,Deutschland,"['Hein-Hoyer-Str. 63', '20359 Hamburg', 'Deutschland']","[{'id': '4bf58dd8d48988d116941735', 'name': 'Bar', 'pluralName': 'Bars', 'shortName': 'Bar', 'icon': {'prefix': 'https://ss3.4sqi.net/img/categories_v2/nightlife/pub_', 'suffix': '.png'}, 'primary': True}]",True,0,0,0,0,0,0,False,0,0,[],0,Nobody here,[],,,
8,e-0-524c979011d2269771a2658d-8,0,"[{'summary': 'This spot is popular', 'type': 'general', 'reasonName': 'globalInteractionReason'}]",524c979011d2269771a2658d,Kitty,Feldstr. 47,53.55711848299716,9.972286663877735,"[{'label': 'display', 'lat': 53.55711848299716, 'lng': 9.972286663877735}]",1833,20357,DE,Hamburg,Hamburg,Deutschland,"['Feldstr. 47 (Glashüttenstr.)', '20357 Hamburg', 'Deutschland']","[{'id': '4bf58dd8d48988d116941735', 'name': 'Bar', 'pluralName': 'Bars', 'shortName': 'Bar', 'icon': {'prefix': 'https://ss3.4sqi.net/img/categories_v2/nightlife/pub_', 'suffix': '.png'}, 'primary': True}]",False,0,0,0,0,0,0,False,0,0,[],0,Nobody here,[],,Glashüttenstr.,St. Pauli
9,e-0-4b37fb9df964a520a64925e3-9,0,"[{'summary': 'This spot is popular', 'type': 'general', 'reasonName': 'globalInteractionReason'}]",4b37fb9df964a520a64925e3,thier,Schulterblatt 98,53.56298434771884,9.960948323343917,"[{'label': 'display', 'lat': 53.56298434771884, 'lng': 9.960948323343917}]",2734,20357,DE,Hamburg,Hamburg,Deutschland,"['Schulterblatt 98', '20357 Hamburg', 'Deutschland']","[{'id': '4bf58dd8d48988d116941735', 'name': 'Bar', 'pluralName': 'Bars', 'shortName': 'Bar', 'icon': {'prefix': 'https://ss3.4sqi.net/img/categories_v2/nightlife/pub_', 'suffix': '.png'}, 'primary': True}]",False,0,0,0,0,0,0,False,0,0,[],0,Nobody here,[],,,
10,e-0-4b1adfe1f964a520b5f323e3-10,0,"[{'summary': 'This spot is popular', 'type': 'general', 'reasonName': 'globalInteractionReason'}]",4b1adfe1f964a520b5f323e3,Möwe Sturzflug,Clemens-Schultz-Str. 96,53.552326205427335,9.965133454246926,"[{'label': 'display', 'lat': 53.552326205427335, 'lng': 9.965133454246926}]",2288,20359,DE,Hamburg,Hamburg,Deutschland,"['Clemens-Schultz-Str. 96 (Detlef-Bremer-Str.)', '20359 Hamburg', 'Deutschland']","[{'id': '4bf58dd8d48988d11e941735', 'name': 'Cocktail Bar', 'pluralName': 'Cocktail Bars', 'shortName': 'Cocktail', 'icon': {'prefix': 'https://ss3.4sqi.net/img/categories_v2/nightlife/cocktails_', 'suffix': '.png'}, 'primary': True}]",False,0,0,0,0,0,0,False,0,0,[],0,Nobody here,[],,Detlef-Bremer-Str.,
11,e-0-4dbc445e1e72b351caae1109-11,0,"[{'summary': 'This spot is popular', 'type': 'general', 'reasonName': 'globalInteractionReason'}]",4dbc445e1e72b351caae1109,Aalhaus,Eggerstedtstr. 39,53.559399142071506,9.946953251787459,"[{'label': 'display', 'lat': 53.559399142071506, 'lng': 9.946953251787459}]",3527,22765,DE,Hamburg,Hamburg,Deutschland,"['Eggerstedtstr. 39', '22765 Hamburg', 'Deutschland']","[{'id': '4bf58dd8d48988d116941735', 'name': 'Bar', 'pluralName': 'Bars', 'shortName': 'Bar', 'icon': {'prefix': 'https://ss3.4sqi.net/img/categories_v2/nightlife/pub_', 'suffix': '.png'}, 'primary': True}]",False,0,0,0,0,0,0,False,0,0,[],0,Nobody here,[],,,
12,e-0-4d4dc0d7d6f3224bb2de9fa6-12,0,"[{'summary': 'This spot is popular', 'type': 'general', 'reasonName': 'globalInteractionReason'}]",4d4dc0d7d6f3224bb2de9fa6,Hr. Schmöll,Paul-Roosen-Str. 19,53.55303510727818,9.958499536594601,"[{'label': 'display', 'lat': 53.55303510727818, 'lng': 9.958499536594601}]",2720,22767,DE,Hamburg,Hamburg,Deutschland,"['Paul-Roosen-Str. 19', '22767 Hamburg', 'Deutschland']","[{'id': '4bf58dd8d48988d116941735', 'name': 'Bar', 'pluralName': 'Bars', 'shortName': 'Bar', 'icon': {'prefix': 'https://ss3.4sqi.net/img/categories_v2/nightlife/pub_', 'suffix': '.png'}, 'primary': True}]",False,0,0,0,0,0,0,False,0,0,[],0,Nobody here,[],,,
13,e-0-4e00d2ae62843b639cf9a040-13,0,"[{'summary': 'This spot is popular', 'type': 'general', 'reasonName': 'globalInteractionReason'}]",4e00d2ae62843b639cf9a040,The Bar,Hotel Vier Jahreszeiten,53.55549366381162,9.991845491590142,"[{'label': 'display', 'lat': 53.55549366381162, 'lng': 9.991845491590142}]",530,20354,DE,Hamburg,Hamburg,Deutschland,"['Hotel Vier Jahreszeiten', '20354 Hamburg', 'Deutschland']","[{'id': '4bf58dd8d48988d116941735', 'name': 'Bar', 'pluralName': 'Bars', 'shortName': 'Bar', 'icon': {'prefix': 'https://ss3.4sqi.net/img/categories_v2/nightlife/pub_', 'suffix': '.png'}, 'primary': True}]",False,0,0,0,0,0,0,False,0,0,[],0,Nobody here,[],,,
14,e-0-4b05885af964a52029c022e3-14,0,"[{'summary': 'This spot is popular', 'type': 'general', 'reasonName': 'globalInteractionReason'}]",4b05885af964a52029c022e3,Red Dog,Krugkoppel 1,53.57903639296324,9.99833391961659,"[{'label': 'display', 'lat': 53.57903639296324, 'lng': 9.99833391961659}]",2762,20149,DE,Hamburg,Hamburg,Deutschland,"['Krugkoppel 1 (Harvestehuder Weg)', '20149 Hamburg', 'Deutschland']","[{'id': '4bf58dd8d48988d116941735', 'name': 'Bar', 'pluralName': 'Bars', 'shortName': 'Bar', 'icon': {'prefix': 'https://ss3.4sqi.net/img/categories_v2/nightlife/pub_', 'suffix': '.png'}, 'primary': True}]",False,0,0,0,0,0,0,False,0,0,[],0,Nobody here,[],,Harvestehuder Weg,
15,e-0-4b05885bf964a52040c022e3-15,0,"[{'summary': 'This spot is popular', 'type': 'general', 'reasonName': 'globalInteractionReason'}]",4b05885bf964a52040c022e3,Zum Silbersack,Silbersackstr. 9,53.54897259360466,9.959997058617324,"[{'label': 'display', 'lat': 53.54897259360466, 'lng': 9.959997058617324}]",2682,20359,DE,Hamburg,Hamburg,Deutschland,"['Silbersackstr. 9', '20359 Hamburg', 'Deutschland']","[{'id': '4bf58dd8d48988d116941735', 'name': 'Bar', 'pluralName': 'Bars', 'shortName': 'Bar', 'icon': {'prefix': 'https://ss3.4sqi.net/img/categories_v2/nightlife/pub_', 'suffix': '.png'}, 'primary': True}]",False,0,0,0,0,0,0,False,0,0,[],0,Nobody here,[],,,
16,e-0-4d8b97ca92e6a0936728d08b-16,0,"[{'summary': 'This spot is popular', 'type': 'general', 'reasonName': 'globalInteractionReason'}]",4d8b97ca92e6a0936728d08b,Tortuga Bar,Bleicherstr. 27,53.5538668375428,9.960291140147804,"[{'label': 'display', 'lat': 53.5538668375428, 'lng': 9.960291140147804}]",2598,,DE,Hamburg,Hamburg,Deutschland,"['Bleicherstr. 27', 'Hamburg', 'Deutschland']","[{'id': '4bf58dd8d48988d116941735', 'name': 'Bar', 'pluralName': 'Bars', 'shortName': 'Bar', 'icon': {'prefix': 'https://ss3.4sqi.net/img/categories_v2/nightlife/pub_', 'suffix': '.png'}, 'primary': True}]",False,0,0,0,0,0,0,False,0,0,[],0,Nobody here,[],,,
17,e-0-4b54c57bf964a520a4cb27e3-17,0,"[{'summary': 'This spot is popular', 'type': 'general', 'reasonName': 'globalInteractionReason'}]",4b54c57bf964a520a4cb27e3,Die Bank,Hohe Bleichen 17,53.55350146971234,9.98722585588909,"[{'label': 'display', 'lat': 53.55350146971234, 'lng': 9.98722585588909}]",821,20354,DE,Hamburg,Hamburg,Deutschland,"['Hohe Bleichen 17', '20354 Hamburg', 'Deutschland']","[{'id': '4bf58dd8d48988d116941735', 'name': 'Bar', 'pluralName': 'Bars', 'shortName': 'Bar', 'icon': {'prefix': 'https://ss3.4sqi.net/img/categories_v2/nightlife/pub_', 'suffix': '.png'}, 'primary': True}]",False,0,0,0,0,0,0,False,0,0,[],0,Nobody here,[],,,
18,e-0-4b197bd2f964a5202bde23e3-18,0,"[{'summary': 'This spot is popular', 'type': 'general', 'reasonName': 'globalInteractionReason'}]",4b197bd2f964a5202bde23e3,3 Zimmer Wohnung,Talstr. 22,53.55066573492654,9.960161665462204,"[{'label': 'display', 'lat': 53.55066573492654, 'lng': 9.960161665462204}]",2637,20359,DE,Hamburg,Hamburg,Deutschland,"['Talstr. 22', '20359 Hamburg', 'Deutschland']","[{'id': '4bf58dd8d48988d116941735', 'name': 'Bar', 'pluralName': 'Bars', 'shortName': 'Bar', 'icon': {'prefix': 'https://ss3.4sqi.net/img/categories_v2/nightlife/pub_', 'suffix': '.png'}, 'primary': True}]",False,0,0,0,0,0,0,False,0,0,[],0,Nobody here,[],,,
19,e-0-4ec56e28775b7dea87c72a79-19,0,"[{'summary': 'This spot is popular', 'type': 'general', 'reasonName': 'globalInteractionReason'}]",4ec56e28775b7dea87c72a79,Deichdiele,Veringstr. 156,53.505420384109705,9.986052079564017,"[{'label': 'display', 'lat': 53.505420384109705, 'lng': 9.986052079564017}]",5507,21107,DE,Hamburg,Hamburg,Deutschland,"['Veringstr. 156', '21107 Hamburg', 'Deutschland']","[{'id': '4bf58dd8d48988d116941735', 'name': 'Bar', 'pluralName': 'Bars', 'shortName': 'Bar', 'icon': {'prefix': 'https://ss3.4sqi.net/img/categories_v2/nightlife/pub_', 'suffix': '.png'}, 'primary': True}]",False,0,0,0,0,0,0,False,0,0,[],0,Nobody here,[],,,Hamburg-Wilhelmsburg
20,e-0-4b05885af964a52015c022e3-20,0,"[{'summary': 'This spot is popular', 'type': 'general', 'reasonName': 'globalInteractionReason'}]",4b05885af964a52015c022e3,Bernsteinbar,Bernstorffstr. 103,53.55796316631265,9.958748085173733,"[{'label': 'display', 'lat': 53.55796316631265, 'lng': 9.958748085173733}]",2732,22767,DE,Hamburg,Hamburg,Deutschland,"['Bernstorffstr. 103', '22767 Hamburg', 'Deutschland']","[{'id': '4bf58dd8d48988d116941735', 'name': 'Bar', 'pluralName': 'Bars', 'shortName': 'Bar', 'icon': {'prefix': 'https://ss3.4sqi.net/img/categories_v2/nightlife/pub_', 'suffix': '.png'}, 'primary': True}]",False,0,0,0,0,0,0,False,0,0,[],0,Nobody here,[],,,
21,e-0-4ccc8480c9b84688ad77bdc3-21,0,"[{'summary': 'This spot is popular', 'type': 'general', 'reasonName': 'globalInteractionReason'}]",4ccc8480c9b84688ad77bdc3,Vier Fäuste,Juliusstr.,53.561769350254785,9.961970262001305,"[{'label': 'display', 'lat': 53.561769350254785, 'lng': 9.961970262001305}]",2624,,DE,Hamburg,Hamburg,Deutschland,"['Juliusstr.', 'Hamburg', 'Deutschland']","[{'id': '4bf58dd8d48988d116941735', 'name': 'Bar', 'pluralName': 'Bars', 'shortName': 'Bar', 'icon': {'prefix': 'https://ss3.4sqi.net/img/categories_v2/nightlife/pub_', 'suffix': '.png'}, 'primary': True}]",False,0,0,0,0,0,0,False,0,0,[],0,Nobody here,[],,,
22,e-0-52474f9f11d2ae55a0cb0e9f-22,0,"[{'summary': 'This spot is popular', 'type': 'general', 'reasonName': 'globalInteractionReason'}]",52474f9f11d2ae55a0cb0e9f,Dschungel,Sternstr. 4,53.55844563208649,9.967551212755803,"[{'label': 'display', 'lat': 53.55844563208649, 'lng': 9.967551212755803}]",2169,20357,DE,Hamburg,Hamburg,Deutschland,"['Sternstr. 4', '20357 Hamburg', 'Deutschland']","[{'id': '4bf58dd8d48988d116941735', 'name': 'Bar', 'pluralName': 'Bars', 'shortName': 'Bar', 'icon': {'prefix': 'https://ss3.4sqi.net/img/categories_v2/nightlife/pub_', 'suffix': '.png'}, 'primary': True}]",False,0,0,0,0,0,0,False,0,0,[],0,Nobody here,[],,,
23,e-0-4b3a7e83f964a520926825e3-23,0,"[{'summary': 'This spot is popular', 'type': 'general', 'reasonName': 'globalInteractionReason'}]",4b3a7e83f964a520926825e3,Bacana Café,Bellealliancestr. 52,53.56846127858796,9.961811079232552,"[{'label': 'display', 'lat': 53.56846127858796, 'lng': 9.961811079232552}]",2957,20259,DE,Hamburg,Hamburg,Deutschland,"['Bellealliancestr. 52', '20259 Hamburg', 'Deutschland']","[{'id': '4bf58dd8d48988d116941735', 'name': 'Bar', 'pluralName': 'Bars', 'shortName': 'Bar', 'icon': {'prefix': 'https://ss3.4sqi.net/img/categories_v2/nightlife/pub_', 'suffix': '.png'}, 'primary': True}]",False,0,0,0,0,0,0,False,0,0,[],0,Nobody here,[],,,
24,e-0-4b05885bf964a5205fc022e3-24,0,"[{'summary': 'This spot is popular', 'type': 'general', 'reasonName': 'globalInteractionReason'}]",4b05885bf964a5205fc022e3,20up,Bernhard-Nocht-Str. 97,53.547138409648,9.963355793716921,"[{'label': 'display', 'lat': 53.547138409648, 'lng': 9.963355793716921}]",2522,20359,DE,Hamburg,Hamburg,Deutschland,"['Bernhard-Nocht-Str. 97 (Davidstr.)', '20359 Hamburg', 'Deutschland']","[{'id': '4bf58dd8d48988d1d5941735', 'name': 'Hotel Bar', 'pluralName': 'Hotel Bars', 'shortName': 'Hotel Bar', 'icon': {'prefix': 'https://ss3.4sqi.net/img/categories_v2/travel/hotel_bar_', 'suffix': '.png'}, 'primary': True}]",False,0,0,0,0,0,0,False,0,0,[],0,Nobody here,[],,Davidstr.,
25,e-0-4b058859f964a520d9bf22e3-25,0,"[{'summary': 'This spot is popular', 'type': 'general', 'reasonName': 'globalInteractionReason'}]",4b058859f964a520d9bf22e3,CIU',Ballindamm 14/15,53.55423278008723,9.998982581357064,"[{'label': 'display', 'lat': 53.55423278008723, 'lng': 9.998982581357064}]",39,20095,DE,Hamburg,Hamburg,Deutschland,"['Ballindamm 14/15', '20095 Hamburg', 'Deutschland']","[{'id': '4bf58dd8d48988d11e941735', 'name': 'Cocktail Bar', 'pluralName': 'Cocktail Bars', 'shortName': 'Cocktail', 'icon': {'prefix': 'https://ss3.4sqi.net/img/categories_v2/nightlife/cocktails_', 'suffix': '.png'}, 'primary': True}]",False,0,0,0,0,0,0,False,0,0,[],0,Nobody here,[],,,
26,e-0-5052298ae4b07c19280fa86b-26,0,"[{'summary': 'This spot is popular', 'type': 'general', 'reasonName': 'globalInteractionReason'}]",5052298ae4b07c19280fa86b,The Boilerman Bar,Eppendorfer Weg 211,53.58147659587168,9.970618805771823,"[{'label': 'display', 'lat': 53.58147659587168, 'lng': 9.970618805771823}]",3586,20253,DE,Hamburg,Hamburg,Deutschland,"['Eppendorfer Weg 211', '20253 Hamburg', 'Deutschland']","[{'id': '4bf58dd8d48988d11e941735', 'name': 'Cocktail Bar', 'pluralName': 'Cocktail Bars', 'shortName': 'Cocktail', 'icon': {'prefix': 'https://ss3.4sqi.net/img/categories_v2/nightlife/cocktails_', 'suffix': '.png'}, 'primary': True}]",True,0,0,0,0,0,0,False,0,0,[],0,Nobody here,[],49788472,,
27,e-0-4afae83bf964a5207d1922e3-27,0,"[{'summary': 'This spot is popular', 'type': 'general', 'reasonName': 'globalInteractionReason'}]",4afae83bf964a5207d1922e3,Aurel,Bahrenfelder Str. 157,53.55390922247681,9.928509216781565,"[{'label': 'display', 'lat': 53.55390922247681, 'lng': 9.928509216781565}]",4700,22765,DE,Hamburg,Hamburg,Deutschland,"['Bahrenfelder Str. 157', '22765 Hamburg', 'Deutschland']","[{'id': '4bf58dd8d48988d116941735', 'name': 'Bar', 'pluralName': 'Bars', 'shortName': 'Bar', 'icon': {'prefix': 'https://ss3.4sqi.net/img/categories_v2/nightlife/pub_', 'suffix': '.png'}, 'primary': True}]",False,0,0,0,0,0,0,False,0,0,[],0,Nobody here,[],,,
28,e-0-4b4f7a8ef964a5203e0827e3-28,0,"[{'summary': 'This spot is popular', 'type': 'general', 'reasonName': 'globalInteractionReason'}]",4b4f7a8ef964a5203e0827e3,Austerbar,Henriettenweg 1,53.572635513367516,9.959466286848652,"[{'label': 'display', 'lat': 53.572635513367516, 'lng': 9.959466286848652}]",3351,20259,DE,Hamburg,Hamburg,Deutschland,"['Henriettenweg 1', '20259 Hamburg', 'Deutschland']","[{'id': '4bf58dd8d48988d116941735', 'name': 'Bar', 'pluralName': 'Bars', 'shortName': 'Bar', 'icon': {'prefix': 'https://ss3.4sqi.net/img/categories_v2/nightlife/pub_', 'suffix': '.png'}, 'primary': True}]",False,0,0,0,0,0,0,False,0,0,[],0,Nobody here,[],,,
29,e-0-525fd5a211d2c6941adecc5b-29,0,"[{'summary': 'This spot is popular', 'type': 'general', 'reasonName': 'globalInteractionReason'}]",525fd5a211d2c6941adecc5b,Clouds,Reeperbahn 1,53.549401939963296,9.968062201089136,"[{'label': 'display', 'lat': 53.549401939963296, 'lng': 9.968062201089136}]",2152,20359,DE,Hamburg,Hamburg,Deutschland,"['Reeperbahn 1', '20359 Hamburg', 'Deutschland']","[{'id': '4bf58dd8d48988d116941735', 'name': 'Bar', 'pluralName': 'Bars', 'shortName': 'Bar', 'icon': {'prefix': 'https://ss3.4sqi.net/img/categories_v2/nightlife/pub_', 'suffix': '.png'}, 'primary': True}]",False,0,0,0,0,0,0,False,0,0,[],0,Nobody here,[],,,
30,e-0-5581d4e4498e39a661113d04-30,0,"[{'summary': 'This spot is popular', 'type': 'general', 'reasonName': 'globalInteractionReason'}]",5581d4e4498e39a661113d04,The Chug Club Bar,Taubenstr. 13,53.54818648918455,9.965179593563755,"[{'label': 'display', 'lat': 53.54818648918455, 'lng': 9.965179593563755}]",2372,20359,DE,Hamburg,Hamburg,Deutschland,"['Taubenstr. 13 (Hopfenstr.)', '20359 Hamburg', 'Deutschland']","[{'id': '4bf58dd8d48988d11e941735', 'name': 'Cocktail Bar', 'pluralName': 'Cocktail Bars', 'shortName': 'Cocktail', 'icon': {'prefix': 'https://ss3.4sqi.net/img/categories_v2/nightlife/cocktails_', 'suffix': '.png'}, 'primary': True}]",False,0,0,0,0,0,0,False,0,0,[],0,Nobody here,[],,Hopfenstr.,
31,e-0-5233955ebce6e720025210d3-31,0,"[{'summary': 'This spot is popular', 'type': 'general', 'reasonName': 'globalInteractionReason'}]",5233955ebce6e720025210d3,Brooklyn Burger Bar,Alter Fischmarkt 3,53.54866568794967,9.996709782288885,"[{'label': 'display', 'lat': 53.54866568794967, 'lng': 9.996709782288885}]",648,20457,DE,Hamburg,Hamburg,Deutschland,"['Alter Fischmarkt 3', '20457 Hamburg', 'Deutschland']","[{'id': '4bf58dd8d48988d16c941735', 'name': 'Burger Joint', 'pluralName': 'Burger Joints', 'shortName': 'Burgers', 'icon': {'prefix': 'https://ss3.4sqi.net/img/categories_v2/food/burger_', 'suffix': '.png'}, 'primary': True}]",False,0,0,0,0,0,0,False,0,0,[],0,Nobody here,[],,,
32,e-0-4b26cce9f964a520238124e3-32,0,"[{'summary': 'This spot is popular', 'type': 'general', 'reasonName': 'globalInteractionReason'}]",4b26cce9f964a520238124e3,Reh-Bar,Ottenser Hauptstr. 52,53.55176134126183,9.92731136758836,"[{'label': 'display', 'lat': 53.55176134126183, 'lng': 9.92731136758836}]",4787,22765,DE,Hamburg,Hamburg,Deutschland,"['Ottenser Hauptstr. 52', '22765 Hamburg', 'Deutschland']","[{'id': '4bf58dd8d48988d116941735', 'name': 'Bar', 'pluralName': 'Bars', 'shortName': 'Bar', 'icon': {'prefix': 'https://ss3.4sqi.net/img/categories_v2/nightlife/pub_', 'suffix': '.png'}, 'primary': True}]",True,0,0,0,0,0,0,False,0,0,[],0,Nobody here,[],,,
33,e-0-50f249c7f2e777d946ada940-33,0,"[{'summary': 'This spot is popular', 'type': 'general', 'reasonName': 'globalInteractionReason'}]",50f249c7f2e777d946ada940,The Rabbithole,Kleine Freiheit 42,53.55186174761857,9.956493973731995,"[{'label': 'display', 'lat': 53.55186174761857, 'lng': 9.956493973731995}]",2861,22767,DE,Hamburg,Hamburg,Deutschland,"['Kleine Freiheit 42', '22767 Hamburg', 'Deutschland']","[{'id': '4bf58dd8d48988d11e941735', 'name': 'Cocktail Bar', 'pluralName': 'Cocktail Bars', 'shortName': 'Cocktail', 'icon': {'prefix': 'https://ss3.4sqi.net/img/categories_v2/nightlife/cocktails_', 'suffix': '.png'}, 'primary': True}]",False,0,0,0,0,0,0,False,0,0,[],0,Nobody here,[],,,
34,e-0-4b757c3df964a520330f2ee3-34,0,"[{'summary': 'This spot is popular', 'type': 'general', 'reasonName': 'globalInteractionReason'}]",4b757c3df964a520330f2ee3,Cafe Miller,Detlev-Bremer-Str. 16,53.55214906938328,9.965336013543727,"[{'label': 'display', 'lat': 53.55214906938328, 'lng': 9.965336013543727}]",2276,20359,DE,Hamburg,Hamburg,Deutschland,"['Detlev-Bremer-Str. 16', '20359 Hamburg', 'Deutschland']","[{'id': '4bf58dd8d48988d116941735', 'name': 'Bar', 'pluralName': 'Bars', 'shortName': 'Bar', 'icon': {'prefix': 'https://ss3.4sqi.net/img/categories_v2/nightlife/pub_', 'suffix': '.png'}, 'primary': True}]",False,0,0,0,0,0,0,False,0,0,[],0,Nobody here,[],,,
35,e-0-4b05885bf964a52041c022e3-35,0,"[{'summary': 'This spot is popular', 'type': 'general', 'reasonName': 'globalInteractionReason'}]",4b05885bf964a52041c022e3,Gloria,Bellealliancestr. 31,53.56788884976952,9.959608336998615,"[{'label': 'display', 'lat': 53.56788884976952, 'lng': 9.959608336998615}]",3048,20259,DE,Hamburg,Hamburg,Deutschland,"['Bellealliancestr. 31', '20259 Hamburg', 'Deutschland']","[{'id': '4bf58dd8d48988d116941735', 'name': 'Bar', 'pluralName': 'Bars', 'shortName': 'Bar', 'icon': {'prefix': 'https://ss3.4sqi.net/img/categories_v2/nightlife/pub_', 'suffix': '.png'}, 'primary': True}]",False,0,0,0,0,0,0,False,0,0,[],0,Nobody here,[],,,
36,e-0-4b05885bf964a52064c022e3-36,0,"[{'summary': 'This spot is popular', 'type': 'general', 'reasonName': 'globalInteractionReason'}]",4b05885bf964a52064c022e3,20 Flight Rock,Friedrichstr. 29,53.54846928133108,9.96055067648168,"[{'label': 'display', 'lat': 53.54846928133108, 'lng': 9.96055067648168}]",2659,20359,DE,Hamburg,Hamburg,Deutschland,"['Friedrichstr. 29', '20359 Hamburg', 'Deutschland']","[{'id': '4bf58dd8d48988d116941735', 'name': 'Bar', 'pluralName': 'Bars', 'shortName': 'Bar', 'icon': {'prefix': 'https://ss3.4sqi.net/img/categories_v2/nightlife/pub_', 'suffix': '.png'}, 'primary': True}]",False,0,0,0,0,0,0,False,0,0,[],0,Nobody here,[],,,
37,e-0-4b05885bf964a5206cc022e3-37,0,"[{'summary': 'This spot is popular', 'type': 'general', 'reasonName': 'globalInteractionReason'}]",4b05885bf964a5206cc022e3,Pony Bar,Allende-Platz 1,53.567644415709076,9.98244717639109,"[{'label': 'display', 'lat': 53.567644415709076, 'lng': 9.98244717639109}]",1874,20146,DE,Hamburg,Hamburg,Deutschland,"['Allende-Platz 1', '20146 Hamburg', 'Deutschland']","[{'id': '4bf58dd8d48988d116941735', 'name': 'Bar', 'pluralName': 'Bars', 'shortName': 'Bar', 'icon': {'prefix': 'https://ss3.4sqi.net/img/categories_v2/nightlife/pub_', 'suffix': '.png'}, 'primary': True}]",True,0,0,0,0,0,0,False,0,0,[],0,Nobody here,[],91094774,,
38,e-0-4c3fa384da3dc9281e38c6b9-38,0,"[{'summary': 'This spot is popular', 'type': 'general', 'reasonName': 'globalInteractionReason'}]",4c3fa384da3dc9281e38c6b9,Mayday,Bahrenfelder Strasse 247,53.557308,9.928136,"[{'label': 'display', 'lat': 53.557308, 'lng': 9.928136}]",4737,,DE,Hamburg,Hamburg,Deutschland,"['Bahrenfelder Strasse 247', 'Hamburg', 'Deutschland']","[{'id': '4bf58dd8d48988d116941735', 'name': 'Bar', 'pluralName': 'Bars', 'shortName': 'Bar', 'icon': {'prefix': 'https://ss3.4sqi.net/img/categories_v2/nightlife/pub_', 'suffix': '.png'}, 'primary': True}]",False,0,0,0,0,0,0,False,0,0,[],0,Nobody here,[],,,
39,e-0-4b05885bf964a52038c022e3-39,0,"[{'summary': 'This spot is popular', 'type': 'general', 'reasonName': 'globalInteractionReason'}]",4b05885bf964a52038c022e3,Familien-Eck,Friedensallee 2,53.55416155180611,9.928186996224333,"[{'label': 'display', 'lat': 53.55416155180611, 'lng': 9.928186996224333}]",4721,22765,DE,Hamburg,Hamburg,Deutschland,"['Friedensallee 2', '22765 Hamburg', 'Deutschland']","[{'id': '4bf58dd8d48988d116941735', 'name': 'Bar', 'pluralName': 'Bars', 'shortName': 'Bar', 'icon': {'prefix': 'https://ss3.4sqi.net/img/categories_v2/nightlife/pub_', 'suffix': '.png'}, 'primary': True}]",False,0,0,0,0,0,0,False,0,0,[],0,Nobody here,[],,,
40,e-0-4b20296bf964a520132e24e3-40,0,"[{'summary': 'This spot is popular', 'type': 'general', 'reasonName': 'globalInteractionReason'}]",4b20296bf964a520132e24e3,imoto,Bahrenfelder Str. 206,53.55544545763916,9.928685464696288,"[{'label': 'display', 'lat': 53.55544545763916, 'lng': 9.928685464696288}]",4690,,DE,Hamburg,Hamburg,Deutschland,"['Bahrenfelder Str. 206', 'Hamburg', 'Deutschland']","[{'id': '4bf58dd8d48988d116941735', 'name': 'Bar', 'pluralName': 'Bars', 'shortName': 'Bar', 'icon': {'prefix': 'https://ss3.4sqi.net/img/categories_v2/nightlife/pub_', 'suffix': '.png'}, 'primary': True}]",False,0,0,0,0,0,0,False,0,0,[],0,Nobody here,[],,,
41,e-0-4b101932f964a520066923e3-41,0,"[{'summary': 'This spot is popular', 'type': 'general', 'reasonName': 'globalInteractionReason'}]",4b101932f964a520066923e3,Cafe del Sol,Jenfelder Allee 80a,53.58371,10.12616,"[{'label': 'display', 'lat': 53.58371, 'lng': 10.12616}]",8987,22045,DE,Hamburg,Hamburg,Deutschland,"['Jenfelder Allee 80a', '22045 Hamburg', 'Deutschland']","[{'id': '4bf58dd8d48988d116941735', 'name': 'Bar', 'pluralName': 'Bars', 'shortName': 'Bar', 'icon': {'prefix': 'https://ss3.4sqi.net/img/categories_v2/nightlife/pub_', 'suffix': '.png'}, 'primary': True}]",False,0,0,0,0,0,0,False,0,0,[],0,Nobody here,[],,,
42,e-0-51307ea1e4b082687220f036-42,0,"[{'summary': 'This spot is popular', 'type': 'general', 'reasonName': 'globalInteractionReason'}]",51307ea1e4b082687220f036,Altes Mädchen,Lagerstr. 28 B,53.56315436484908,9.968030851306173,"[{'label': 'display', 'lat': 53.56315436484908, 'lng': 9.968030851306173}]",2310,20357,DE,Hamburg,Hamburg,Deutschland,"['Lagerstr. 28 B', '20357 Hamburg', 'Deutschland']","[{'id': '4bf58dd8d48988d155941735', 'name': 'Gastropub', 'pluralName': 'Gastropubs', 'shortName': 'Gastropub', 'icon': {'prefix': 'https://ss3.4sqi.net/img/categories_v2/food/gastropub_', 'suffix': '.png'}, 'primary': True}]",False,0,0,0,0,0,0,False,0,0,[],0,Nobody here,[],,,
43,e-0-4c74f3af3adda143e3de05af-43,0,"[{'summary': 'This spot is popular', 'type': 'general', 'reasonName': 'globalInteractionReason'}]",4c74f3af3adda143e3de05af,Hoch 3,Neuer Pferdemarkt 4,53.5564709666325,9.963584534511163,"[{'label': 'display', 'lat': 53.5564709666325, 'lng': 9.963584534511163}]",2393,20359,DE,Hamburg,Hamburg,Deutschland,"['Neuer Pferdemarkt 4 (Beim Grünen Jäger)', '20359 Hamburg', 'Deutschland']","[{'id': '4bf58dd8d48988d116941735', 'name': 'Bar', 'pluralName': 'Bars', 'shortName': 'Bar', 'icon': {'prefix': 'https://ss3.4sqi.net/img/categories_v2/nightlife/pub_', 'suffix': '.png'}, 'primary': True}]",False,0,0,0,0,0,0,False,0,0,[],0,Nobody here,[],,Beim Grünen Jäger,
44,e-0-4aee1377f964a520dbd121e3-44,0,"[{'summary': 'This spot is popular', 'type': 'general', 'reasonName': 'globalInteractionReason'}]",4aee1377f964a520dbd121e3,Jolly Roger,Budapester Str. 44,53.55511934745184,9.964538750881111,"[{'label': 'display', 'lat': 53.55511934745184, 'lng': 9.964538750881111}]",2319,20359,DE,Hamburg,Hamburg,Deutschland,"['Budapester Str. 44', '20359 Hamburg', 'Deutschland']","[{'id': '4bf58dd8d48988d11b941735', 'name': 'Pub', 'pluralName': 'Pubs', 'shortName': 'Pub', 'icon': {'prefix': 'https://ss3.4sqi.net/img/categories_v2/nightlife/pub_', 'suffix': '.png'}, 'primary': True}]",False,0,0,0,0,0,0,False,0,0,[],0,Nobody here,[],,,
45,e-0-4aee11f6f964a520ccd121e3-45,0,"[{'summary': 'This spot is popular', 'type': 'general', 'reasonName': 'globalInteractionReason'}]",4aee11f6f964a520ccd121e3,Barbarabar,Hamburger Berg 11,53.55066407974378,9.96132313540952,"[{'label': 'display', 'lat': 53.55066407974378, 'lng': 9.96132313540952}]",2561,20359,DE,Hamburg,Hamburg,Deutschland,"['Hamburger Berg 11 (Seilerstr.)', '20359 Hamburg', 'Deutschland']","[{'id': '4bf58dd8d48988d116941735', 'name': 'Bar', 'pluralName': 'Bars', 'shortName': 'Bar', 'icon': {'prefix': 'https://ss3.4sqi.net/img/categories_v2/nightlife/pub_', 'suffix': '.png'}, 'primary': True}]",False,0,0,0,0,0,0,False,0,0,[],0,Nobody here,[],,Seilerstr.,
46,e-0-4b4c6684f964a52048b226e3-46,0,"[{'summary': 'This spot is popular', 'type': 'general', 'reasonName': 'globalInteractionReason'}]",4b4c6684f964a52048b226e3,Kyti Voo Cafe & Bar,Lange Reihe 82,53.558264058771435,10.01244243741571,"[{'label': 'display', 'lat': 53.558264058771435, 'lng': 10.01244243741571}]",961,20099,DE,Hamburg,Hamburg,Deutschland,"['Lange Reihe 82', '20099 Hamburg', 'Deutschland']","[{'id': '4bf58dd8d48988d116941735', 'name': 'Bar', 'pluralName': 'Bars', 'shortName': 'Bar', 'icon': {'prefix': 'https://ss3.4sqi.net/img/categories_v2/nightlife/pub_', 'suffix': '.png'}, 'primary': True}]",False,0,0,0,0,0,0,False,0,0,[],0,Nobody here,[],,,
47,e-0-4f46b091e4b0d6373f0a3ac9-47,0,"[{'summary': 'This spot is popular', 'type': 'general', 'reasonName': 'globalInteractionReason'}]",4f46b091e4b0d6373f0a3ac9,Goldfischglas,Bartelsstr. 30,53.562591665809265,9.964302253828944,"[{'label': 'display', 'lat': 53.562591665809265, 'lng': 9.964302253828944}]",2511,20357,DE,Hamburg,Hamburg,Deutschland,"['Bartelsstr. 30', '20357 Hamburg', 'Deutschland']","[{'id': '4bf58dd8d48988d11e941735', 'name': 'Cocktail Bar', 'pluralName': 'Cocktail Bars', 'shortName': 'Cocktail', 'icon': {'prefix': 'https://ss3.4sqi.net/img/categories_v2/nightlife/cocktails_', 'suffix': '.png'}, 'primary': True}]",False,0,0,0,0,0,0,False,0,0,[],0,Nobody here,[],,,
48,e-0-4bec821efd60a593561e3bf1-48,0,"[{'summary': 'This spot is popular', 'type': 'general', 'reasonName': 'globalInteractionReason'}]",4bec821efd60a593561e3bf1,Hans Albers Klause,Friedrichstr. 19,53.54858589323873,9.960744465259321,"[{'label': 'display', 'lat': 53.54858589323873, 'lng': 9.960744465259321}]",2644,20359,DE,Hamburg,Hamburg,Deutschland,"['Friedrichstr. 19', '20359 Hamburg', 'Deutschland']","[{'id': '4bf58dd8d48988d116941735', 'name': 'Bar', 'pluralName': 'Bars', 'shortName': 'Bar', 'icon': {'prefix': 'https://ss3.4sqi.net/img/categories_v2/nightlife/pub_', 'suffix': '.png'}, 'primary': True}]",False,0,0,0,0,0,0,False,0,0,[],0,Nobody here,[],,,
49,e-0-4c9a51daa004a1cdd64f476e-49,0,"[{'summary': 'This spot is popular', 'type': 'general', 'reasonName': 'globalInteractionReason'}]",4c9a51daa004a1cdd64f476e,Zwick II,Millerntorplatz 1,53.55079465443653,9.969566480782655,"[{'label': 'display', 'lat': 53.55079465443653, 'lng': 9.969566480782655}]",2021,20359,DE,Hamburg,Hamburg,Deutschland,"['Millerntorplatz 1 (Reeperbahn)', '20359 Hamburg', 'Deutschland']","[{'id': '4bf58dd8d48988d11b941735', 'name': 'Pub', 'pluralName': 'Pubs', 'shortName': 'Pub', 'icon': {'prefix': 'https://ss3.4sqi.net/img/categories_v2/nightlife/pub_', 'suffix': '.png'}, 'primary': True}]",False,0,0,0,0,0,0,False,0,0,[],0,Nobody here,[],,Reeperbahn,
50,e-0-4b05885af964a52001c022e3-50,0,"[{'summary': 'This spot is popular', 'type': 'general', 'reasonName': 'globalInteractionReason'}]",4b05885af964a52001c022e3,Bar Rossi,Max-Brauer-Allee 279,53.56388101394367,9.959860675992559,"[{'label': 'display', 'lat': 53.56388101394367, 'lng': 9.959860675992559}]",2837,22769,DE,Hamburg,Hamburg,Deutschland,"['Max-Brauer-Allee 279', '22769 Hamburg', 'Deutschland']","[{'id': '4bf58dd8d48988d11e941735', 'name': 'Cocktail Bar', 'pluralName': 'Cocktail Bars', 'shortName': 'Cocktail', 'icon': {'prefix': 'https://ss3.4sqi.net/img/categories_v2/nightlife/cocktails_', 'suffix': '.png'}, 'primary': True}]",True,0,0,0,0,0,0,False,0,0,[],0,Nobody here,[],,,
51,e-0-4b0c673ff964a5208e3c23e3-51,0,"[{'summary': 'This spot is popular', 'type': 'general', 'reasonName': 'globalInteractionReason'}]",4b0c673ff964a5208e3c23e3,Amanda 66,Amandastr. 66,53.56520605047719,9.960723041294838,"[{'label': 'display', 'lat': 53.56520605047719, 'lng': 9.960723041294838}]",2844,20357,DE,Hamburg,Hamburg,Deutschland,"['Amandastr. 66', '20357 Hamburg', 'Deutschland']","[{'id': '4bf58dd8d48988d116941735', 'name': 'Bar', 'pluralName': 'Bars', 'shortName': 'Bar', 'icon': {'prefix': 'https://ss3.4sqi.net/img/categories_v2/nightlife/pub_', 'suffix': '.png'}, 'primary': True}]",False,0,0,0,0,0,0,False,0,0,[],0,Nobody here,[],,,
52,e-0-4b23dae7f964a5204e5b24e3-52,0,"[{'summary': 'This spot is popular', 'type': 'general', 'reasonName': 'globalInteractionReason'}]",4b23dae7f964a5204e5b24e3,Café Roosen,Paul-Roosen-Str.28,53.55326893461825,9.957898687770372,"[{'label': 'display', 'lat': 53.55326893461825, 'lng': 9.957898687770372}]",2758,20359,DE,Hamburg,Hamburg,Deutschland,"['Paul-Roosen-Str.28', '20359 Hamburg', 'Deutschland']","[{'id': '4bf58dd8d48988d116941735', 'name': 'Bar', 'pluralName': 'Bars', 'shortName': 'Bar', 'icon': {'prefix': 'https://ss3.4sqi.net/img/categories_v2/nightlife/pub_', 'suffix': '.png'}, 'primary': True}]",False,0,0,0,0,0,0,False,0,0,[],0,Nobody here,[],,,
53,e-0-4b0113cbf964a520ac4122e3-53,0,"[{'summary': 'This spot is popular', 'type': 'general', 'reasonName': 'globalInteractionReason'}]",4b0113cbf964a520ac4122e3,Erste Liebe,Michaelisbrücke 3,53.549358818974824,9.985087456996364,"[{'label': 'display', 'lat': 53.549358818974824, 'lng': 9.985087456996364}]",1101,20459,DE,Hamburg,Hamburg,Deutschland,"['Michaelisbrücke 3', '20459 Hamburg', 'Deutschland']","[{'id': '4bf58dd8d48988d116941735', 'name': 'Bar', 'pluralName': 'Bars', 'shortName': 'Bar', 'icon': {'prefix': 'https://ss3.4sqi.net/img/categories_v2/nightlife/pub_', 'suffix': '.png'}, 'primary': True}]",False,0,0,0,0,0,0,False,0,0,[],0,Nobody here,[],,,
54,e-0-4b44eefff964a520310026e3-54,0,"[{'summary': 'This spot is popular', 'type': 'general', 'reasonName': 'globalInteractionReason'}]",4b44eefff964a520310026e3,Turmbar,Rothenbaumchaussee 2,53.56218857471875,9.990097455512881,"[{'label': 'display', 'lat': 53.56218857471875, 'lng': 9.990097455512881}]",1085,20148,DE,Hamburg,Hamburg,Deutschland,"['Rothenbaumchaussee 2 (Edmund-Siemers-Allee)', '20148 Hamburg', 'Deutschland']","[{'id': '4bf58dd8d48988d11e941735', 'name': 'Cocktail Bar', 'pluralName': 'Cocktail Bars', 'shortName': 'Cocktail', 'icon': {'prefix': 'https://ss3.4sqi.net/img/categories_v2/nightlife/cocktails_', 'suffix': '.png'}, 'primary': True}]",False,0,0,0,0,0,0,False,0,0,[],0,Nobody here,[],,Edmund-Siemers-Allee,
55,e-0-4bc6236704e8b7135d81352d-55,0,"[{'summary': 'This spot is popular', 'type': 'general', 'reasonName': 'globalInteractionReason'}]",4bc6236704e8b7135d81352d,Zzzischer,Sillemstr. 53,53.57745702852,9.944592268108835,"[{'label': 'display', 'lat': 53.57745702852, 'lng': 9.944592268108835}]",4460,20257,DE,Hamburg,Hamburg,Deutschland,"['Sillemstr. 53 (Grundstr.)', '20257 Hamburg', 'Deutschland']","[{'id': '4bf58dd8d48988d116941735', 'name': 'Bar', 'pluralName': 'Bars', 'shortName': 'Bar', 'icon': {'prefix': 'https://ss3.4sqi.net/img/categories_v2/nightlife/pub_', 'suffix': '.png'}, 'primary': True}]",False,0,0,0,0,0,0,False,0,0,[],0,Nobody here,[],,Grundstr.,
56,e-0-4b6448c3f964a5204ca82ae3-56,0,"[{'summary': 'This spot is popular', 'type': 'general', 'reasonName': 'globalInteractionReason'}]",4b6448c3f964a5204ca82ae3,Nachthafen,Clemens-Schultz-Str. 93,53.55229033441122,9.964372153627107,"[{'label': 'display', 'lat': 53.55229033441122, 'lng': 9.964372153627107}]",2338,20359,DE,Hamburg,Hamburg,Deutschland,"['Clemens-Schultz-Str. 93', '20359 Hamburg', 'Deutschland']","[{'id': '4bf58dd8d48988d116941735', 'name': 'Bar', 'pluralName': 'Bars', 'shortName': 'Bar', 'icon': {'prefix': 'https://ss3.4sqi.net/img/categories_v2/nightlife/pub_', 'suffix': '.png'}, 'primary': True}]",False,0,0,0,0,0,0,False,0,0,[],0,Nobody here,[],,,
57,e-0-4b169255f964a52072ba23e3-57,0,"[{'summary': 'This spot is popular', 'type': 'general', 'reasonName': 'globalInteractionReason'}]",4b169255f964a52072ba23e3,kopiba,Beim Grünen Jäger 24,53.55882578572375,9.964006903913987,"[{'label': 'display', 'lat': 53.55882578572375, 'lng': 9.964006903913987}]",2407,20357,DE,Hamburg,Hamburg,Deutschland,"['Beim Grünen Jäger 24', '20357 Hamburg', 'Deutschland']","[{'id': '4bf58dd8d48988d16d941735', 'name': 'Café', 'pluralName': 'Cafés', 'shortName': 'Café', 'icon': {'prefix': 'https://ss3.4sqi.net/img/categories_v2/food/cafe_', 'suffix': '.png'}, 'primary': True}]",True,0,0,0,0,0,0,False,0,0,[],0,Nobody here,[],35040828,,
58,e-0-4b1389e5f964a520a09723e3-58,0,"[{'summary': 'This spot is popular', 'type': 'general', 'reasonName': 'globalInteractionReason'}]",4b1389e5f964a520a09723e3,[m]eatery,Drehbahn 49,53.55663885227333,9.986837671491438,"[{'label': 'display', 'lat': 53.55663885227333, 'lng': 9.986837671491438}]",884,20354,DE,Hamburg,Hamburg,Deutschland,"['Drehbahn 49', '20354 Hamburg', 'Deutschland']","[{'id': '4bf58dd8d48988d1cc941735', 'name': 'Steakhouse', 'pluralName': 'Steakhouses', 'shortName': 'Steakhouse', 'icon': {'prefix': 'https://ss3.4sqi.net/img/categories_v2/food/steakhouse_', 'suffix': '.png'}, 'primary': True}]",True,0,0,0,0,0,0,False,0,0,[],0,Nobody here,[],152251499,,
59,e-0-4b144f2cf964a520f1a023e3-59,0,"[{'summary': 'This spot is popular', 'type': 'general', 'reasonName': 'globalInteractionReason'}]",4b144f2cf964a520f1a023e3,Eldorado,Wohlwillstr. 50,53.55599109965374,9.9628111847097,"[{'label': 'display', 'lat': 53.55599109965374, 'lng': 9.9628111847097}]",2439,20359,DE,Hamburg,Hamburg,Deutschland,"['Wohlwillstr. 50', '20359 Hamburg', 'Deutschland']","[{'id': '4bf58dd8d48988d116941735', 'name': 'Bar', 'pluralName': 'Bars', 'shortName': 'Bar', 'icon': {'prefix': 'https://ss3.4sqi.net/img/categories_v2/nightlife/pub_', 'suffix': '.png'}, 'primary': True}]",False,0,0,0,0,0,0,False,0,0,[],0,Nobody here,[],,,
60,e-0-4bae9223f964a520fac13be3-60,0,"[{'summary': 'This spot is popular', 'type': 'general', 'reasonName': 'globalInteractionReason'}]",4bae9223f964a520fac13be3,Bar Same Same,Alsterdorfer Str. 18-20,53.59571470240875,9.997886069424569,"[{'label': 'display', 'lat': 53.59571470240875, 'lng': 9.997886069424569}]",4618,22299,DE,Hamburg,Hamburg,Deutschland,"['Alsterdorfer Str. 18-20', '22299 Hamburg', 'Deutschland']","[{'id': '4bf58dd8d48988d116941735', 'name': 'Bar', 'pluralName': 'Bars', 'shortName': 'Bar', 'icon': {'prefix': 'https://ss3.4sqi.net/img/categories_v2/nightlife/pub_', 'suffix': '.png'}, 'primary': True}]",True,0,0,0,0,0,0,False,0,0,[],0,Nobody here,[],67043935,,
61,e-0-4b48e9e9f964a520175d26e3-61,0,"[{'summary': 'This spot is popular', 'type': 'general', 'reasonName': 'globalInteractionReason'}]",4b48e9e9f964a520175d26e3,Bar St. Georg,Lange Reihe,53.55772429552703,10.011682380327079,"[{'label': 'display', 'lat': 53.55772429552703, 'lng': 10.011682380327079}]",889,20099,DE,Hamburg,Hamburg,Deutschland,"['Lange Reihe', '20099 Hamburg', 'Deutschland']","[{'id': '4bf58dd8d48988d116941735', 'name': 'Bar', 'pluralName': 'Bars', 'shortName': 'Bar', 'icon': {'prefix': 'https://ss3.4sqi.net/img/categories_v2/nightlife/pub_', 'suffix': '.png'}, 'primary': True}]",False,0,0,0,0,0,0,False,0,0,[],0,Nobody here,[],,,
62,e-0-4b058859f964a520ddbf22e3-62,0,"[{'summary': 'This spot is popular', 'type': 'general', 'reasonName': 'globalInteractionReason'}]",4b058859f964a520ddbf22e3,Klimperkiste,Esplanade 18,53.55771,9.9905615,"[{'label': 'display', 'lat': 53.55771, 'lng': 9.9905615}]",711,20354,DE,Hamburg,Hamburg,Deutschland,"['Esplanade 18', '20354 Hamburg', 'Deutschland']","[{'id': '4bf58dd8d48988d11b941735', 'name': 'Pub', 'pluralName': 'Pubs', 'shortName': 'Pub', 'icon': {'prefix': 'https://ss3.4sqi.net/img/categories_v2/nightlife/pub_', 'suffix': '.png'}, 'primary': True}]",False,0,0,0,0,0,0,False,0,0,[],0,Nobody here,[],,,
63,e-0-4b58b37bf964a5206b6628e3-63,0,"[{'summary': 'This spot is popular', 'type': 'general', 'reasonName': 'globalInteractionReason'}]",4b58b37bf964a5206b6628e3,Frau Möller,Lange Reihe 96,53.55885232822514,10.013241684062628,"[{'label': 'display', 'lat': 53.55885232822514, 'lng': 10.013241684062628}]",1039,20099,DE,Hamburg,Hamburg,Deutschland,"['Lange Reihe 96', '20099 Hamburg', 'Deutschland']","[{'id': '4bf58dd8d48988d11b941735', 'name': 'Pub', 'pluralName': 'Pubs', 'shortName': 'Pub', 'icon': {'prefix': 'https://ss3.4sqi.net/img/categories_v2/nightlife/pub_', 'suffix': '.png'}, 'primary': True}]",False,0,0,0,0,0,0,False,0,0,[],0,Nobody here,[],,,
64,e-0-4b05885bf964a52076c022e3-64,0,"[{'summary': 'This spot is popular', 'type': 'general', 'reasonName': 'globalInteractionReason'}]",4b05885bf964a52076c022e3,Knust,Neuer Kamp 30,53.558189843352466,9.968069882161878,"[{'label': 'display', 'lat': 53.558189843352466, 'lng': 9.968069882161878}]",2129,20357,DE,Hamburg,Hamburg,Deutschland,"['Neuer Kamp 30 (Sternstr.)', '20357 Hamburg', 'Deutschland']","[{'id': '4bf58dd8d48988d1e5931735', 'name': 'Music Venue', 'pluralName': 'Music Venues', 'shortName': 'Music Venue', 'icon': {'prefix': 'https://ss3.4sqi.net/img/categories_v2/arts_entertainment/musicvenue_', 'suffix': '.png'}, 'primary': True}]",False,0,0,0,0,0,0,False,0,0,[],0,Nobody here,[],,Sternstr.,
65,e-0-57d0742e498ea34981587a5d-65,0,"[{'summary': 'This spot is popular', 'type': 'general', 'reasonName': 'globalInteractionReason'}]",57d0742e498ea34981587a5d,Frachtraum,Stellinger Weg 38F,53.580523,9.947639,"[{'label': 'display', 'lat': 53.580523, 'lng': 9.947639}]",4511,20255,DE,Hamburg,Hamburg,Deutschland,"['Stellinger Weg 38F (Methfesselstraße)', '20255 Hamburg', 'Deutschland']","[{'id': '4bf58dd8d48988d116941735', 'name': 'Bar', 'pluralName': 'Bars', 'shortName': 'Bar', 'icon': {'prefix': 'https://ss3.4sqi.net/img/categories_v2/nightlife/pub_', 'suffix': '.png'}, 'primary': True}]",False,0,0,0,0,0,0,False,0,0,[],0,Nobody here,[],,Methfesselstraße,
66,e-0-4e076572d22d658532a5a5b7-66,0,"[{'summary': 'This spot is popular', 'type': 'general', 'reasonName': 'globalInteractionReason'}]",4e076572d22d658532a5a5b7,Wohlers,Thadenstr. 148,53.557168,9.954764,"[{'label': 'display', 'lat': 53.557168, 'lng': 9.954764}]",2981,22767,DE,Hamburg,Hamburg,Deutschland,"['Thadenstr. 148', '22767 Hamburg', 'Deutschland']","[{'id': '4bf58dd8d48988d1c4941735', 'name': 'Restaurant', 'pluralName': 'Restaurants', 'shortName': 'Restaurant', 'icon': {'prefix': 'https://ss3.4sqi.net/img/categories_v2/food/default_', 'suffix': '.png'}, 'primary': True}]",False,0,0,0,0,0,0,False,0,0,[],0,Nobody here,[],,,
67,e-0-4b05885af964a52027c022e3-67,0,"[{'summary': 'This spot is popular', 'type': 'general', 'reasonName': 'globalInteractionReason'}]",4b05885af964a52027c022e3,Bodos Bootssteg,Harvestehuder Weg 1b,53.56730541671698,10.001756884745618,"[{'label': 'display', 'lat': 53.56730541671698, 'lng': 10.001756884745618}]",1462,20148,DE,Hamburg,Hamburg,Deutschland,"['Harvestehuder Weg 1b', '20148 Hamburg', 'Deutschland']","[{'id': '4bf58dd8d48988d16d941735', 'name': 'Café', 'pluralName': 'Cafés', 'shortName': 'Café', 'icon': {'prefix': 'https://ss3.4sqi.net/img/categories_v2/food/cafe_', 'suffix': '.png'}, 'primary': True}]",False,0,0,0,0,0,0,False,0,0,[],0,Nobody here,[],,,
68,e-0-54606e1e498e1a3a461f42ba-68,0,"[{'summary': 'This spot is popular', 'type': 'general', 'reasonName': 'globalInteractionReason'}]",54606e1e498e1a3a461f42ba,Louis Kitchen.Bar,Dehnhaide 24,53.578994573412665,10.043754551273011,"[{'label': 'display', 'lat': 53.578994573412665, 'lng': 10.043754551273011}]",4015,22081,DE,Hamburg,Hamburg,Deutschland,"['Dehnhaide 24', '22081 Hamburg', 'Deutschland']","[{'id': '4bf58dd8d48988d116941735', 'name': 'Bar', 'pluralName': 'Bars', 'shortName': 'Bar', 'icon': {'prefix': 'https://ss3.4sqi.net/img/categories_v2/nightlife/pub_', 'suffix': '.png'}, 'primary': True}]",False,0,0,0,0,0,0,False,0,0,[],0,Nobody here,[],,,
69,e-0-4bb1dd1af964a5202ca73ce3-69,0,"[{'summary': 'This spot is popular', 'type': 'general', 'reasonName': 'globalInteractionReason'}]",4bb1dd1af964a5202ca73ce3,Pförtnerhäuschen,Neuer Kamp 30,53.55758198081606,9.96763019434455,"[{'label': 'display', 'lat': 53.55758198081606, 'lng': 9.96763019434455}]",2145,20357,DE,Hamburg,Hamburg,Deutschland,"['Neuer Kamp 30 (Sternstr.)', '20357 Hamburg', 'Deutschland']","[{'id': '4bf58dd8d48988d116941735', 'name': 'Bar', 'pluralName': 'Bars', 'shortName': 'Bar', 'icon': {'prefix': 'https://ss3.4sqi.net/img/categories_v2/nightlife/pub_', 'suffix': '.png'}, 'primary': True}]",False,0,0,0,0,0,0,False,0,0,[],0,Nobody here,[],,Sternstr.,
70,e-0-4b76b8bff964a520a95a2ee3-70,0,"[{'summary': 'This spot is popular', 'type': 'general', 'reasonName': 'globalInteractionReason'}]",4b76b8bff964a520a95a2ee3,Die Glocke,Klosterallee 65,53.57965203271371,9.979543203441649,"[{'label': 'display', 'lat': 53.57965203271371, 'lng': 9.979543203441649}]",3124,20144,DE,Hamburg,Hamburg,Deutschland,"['Klosterallee 65 (Isestrasse)', '20144 Hamburg', 'Deutschland']","[{'id': '4bf58dd8d48988d11b941735', 'name': 'Pub', 'pluralName': 'Pubs', 'shortName': 'Pub', 'icon': {'prefix': 'https://ss3.4sqi.net/img/categories_v2/nightlife/pub_', 'suffix': '.png'}, 'primary': True}]",False,0,0,0,0,0,0,False,0,0,[],0,Nobody here,[],,Isestrasse,
71,e-0-5cc0a10b8afbe00032e2f90d-71,0,"[{'summary': 'This spot is popular', 'type': 'general', 'reasonName': 'globalInteractionReason'}]",5cc0a10b8afbe00032e2f90d,ALEX,Vorsetzen 72,53.5444664,9.975225,"[{'label': 'display', 'lat': 53.5444664, 'lng': 9.975225}]",1943,20459,DE,Hamburg,Hamburg,Deutschland,"['Vorsetzen 72', '20459 Hamburg', 'Deutschland']","[{'id': '4bf58dd8d48988d116941735', 'name': 'Bar', 'pluralName': 'Bars', 'shortName': 'Bar', 'icon': {'prefix': 'https://ss3.4sqi.net/img/categories_v2/nightlife/pub_', 'suffix': '.png'}, 'primary': True}]",True,0,0,0,0,0,0,False,0,0,[],0,Nobody here,[],537855438,,
72,e-0-5a230758efa82a243dd78dab-72,0,"[{'summary': 'This spot is popular', 'type': 'general', 'reasonName': 'globalInteractionReason'}]",5a230758efa82a243dd78dab,Tipsy Baker Bar,Esplanade 29,53.558003772071494,9.989643983040544,"[{'label': 'display', 'lat': 53.558003772071494, 'lng': 9.989643983040544}]",779,20354,DE,Hamburg,Hamburg,Deutschland,"['Esplanade 29', '20354 Hamburg', 'Deutschland']","[{'id': '4bf58dd8d48988d116941735', 'name': 'Bar', 'pluralName': 'Bars', 'shortName': 'Bar', 'icon': {'prefix': 'https://ss3.4sqi.net/img/categories_v2/nightlife/pub_', 'suffix': '.png'}, 'primary': True}]",False,0,0,0,0,0,0,False,0,0,[],0,Nobody here,[],,,
73,e-0-4b19767cf964a520c9dd23e3-73,0,"[{'summary': 'This spot is popular', 'type': 'general', 'reasonName': 'globalInteractionReason'}]",4b19767cf964a520c9dd23e3,Sands,Dammtordamm 2,53.55966656105084,9.989644860506747,"[{'label': 'display', 'lat': 53.55966656105084, 'lng': 9.989644860506747}]",893,20354,DE,Hamburg,Hamburg,Deutschland,"['Dammtordamm 2 (Dag-Hammarskjöld-Brücke)', '20354 Hamburg', 'Deutschland']","[{'id': '4bf58dd8d48988d11e941735', 'name': 'Cocktail Bar', 'pluralName': 'Cocktail Bars', 'shortName': 'Cocktail', 'icon': {'prefix': 'https://ss3.4sqi.net/img/categories_v2/nightlife/cocktails_', 'suffix': '.png'}, 'primary': True}]",True,0,0,0,0,0,0,False,0,0,[],0,Nobody here,[],587437201,Dag-Hammarskjöld-Brücke,
74,e-0-4b2bbcb3f964a520fbb924e3-74,0,"[{'summary': 'This spot is popular', 'type': 'general', 'reasonName': 'globalInteractionReason'}]",4b2bbcb3f964a520fbb924e3,Meyer Lansky's,Gänsemarkt 36,53.55577763282695,9.987495084635597,"[{'label': 'display', 'lat': 53.55577763282695, 'lng': 9.987495084635597}]",817,20354,DE,Hamburg,Hamburg,Deutschland,"['Gänsemarkt 36 (Dammtorstr.)', '20354 Hamburg', 'Deutschland']","[{'id': '4bf58dd8d48988d11e941735', 'name': 'Cocktail Bar', 'pluralName': 'Cocktail Bars', 'shortName': 'Cocktail', 'icon': {'prefix': 'https://ss3.4sqi.net/img/categories_v2/nightlife/cocktails_', 'suffix': '.png'}, 'primary': True}]",False,0,0,0,0,0,0,False,0,0,[],1,One other person is here,"[{'type': 'others', 'name': 'Other people here', 'count': 1, 'items': []}]",,Dammtorstr.,
75,e-0-4b3fc2d2f964a5202fae25e3-75,0,"[{'summary': 'This spot is popular', 'type': 'general', 'reasonName': 'globalInteractionReason'}]",4b3fc2d2f964a5202fae25e3,439-Bar,Vereinsstr. 38,53.56661020228904,9.961856838051935,"[{'label': 'display', 'lat': 53.56661020228904, 'lng': 9.961856838051935}]",2849,20357,DE,Hamburg,Hamburg,Deutschland,"['Vereinsstr. 38', '20357 Hamburg', 'Deutschland']","[{'id': '4bf58dd8d48988d116941735', 'name': 'Bar', 'pluralName': 'Bars', 'shortName': 'Bar', 'icon': {'prefix': 'https://ss3.4sqi.net/img/categories_v2/nightlife/pub_', 'suffix': '.png'}, 'primary': True}]",False,0,0,0,0,0,0,False,0,0,[],0,Nobody here,[],,,
76,e-0-4b05885bf964a5204ec022e3-76,0,"[{'summary': 'This spot is popular', 'type': 'general', 'reasonName': 'globalInteractionReason'}]",4b05885bf964a5204ec022e3,Fritz Bauch,Bartelsstr. 6,53.56174443823007,9.965130934808212,"[{'label': 'display', 'lat': 53.56174443823007, 'lng': 9.965130934808212}]",2426,20357,DE,Hamburg,Hamburg,Deutschland,"['Bartelsstr. 6', '20357 Hamburg', 'Deutschland']","[{'id': '4bf58dd8d48988d116941735', 'name': 'Bar', 'pluralName': 'Bars', 'shortName': 'Bar', 'icon': {'prefix': 'https://ss3.4sqi.net/img/categories_v2/nightlife/pub_', 'suffix': '.png'}, 'primary': True}]",False,0,0,0,0,0,0,False,0,0,[],0,Nobody here,[],,,
77,e-0-4b1a48abf964a520a2e823e3-77,0,"[{'summary': 'This spot is popular', 'type': 'general', 'reasonName': 'globalInteractionReason'}]",4b1a48abf964a520a2e823e3,Due Baristi,Langenfelder Damm 2-4,53.5781302685288,9.941569594497501,"[{'label': 'display', 'lat': 53.5781302685288, 'lng': 9.941569594497501}]",4667,20257,DE,Hamburg,Hamburg,Deutschland,"['Langenfelder Damm 2-4', '20257 Hamburg', 'Deutschland']","[{'id': '4bf58dd8d48988d16d941735', 'name': 'Café', 'pluralName': 'Cafés', 'shortName': 'Café', 'icon': {'prefix': 'https://ss3.4sqi.net/img/categories_v2/food/cafe_', 'suffix': '.png'}, 'primary': True}]",False,0,0,0,0,0,0,False,0,0,[],0,Nobody here,[],,,
78,e-0-4b4e42d0f964a5203be726e3-78,0,"[{'summary': 'This spot is popular', 'type': 'general', 'reasonName': 'globalInteractionReason'}]",4b4e42d0f964a5203be726e3,Cocktrail,Schürbecker Str. 12,53.56949796968206,10.027577877044678,"[{'label': 'display', 'lat': 53.56949796968206, 'lng': 10.027577877044678}]",2512,22087,DE,Hamburg,Hamburg,Deutschland,"['Schürbecker Str. 12 (Mundsburger Damm)', '22087 Hamburg', 'Deutschland']","[{'id': '4bf58dd8d48988d11e941735', 'name': 'Cocktail Bar', 'pluralName': 'Cocktail Bars', 'shortName': 'Cocktail', 'icon': {'prefix': 'https://ss3.4sqi.net/img/categories_v2/nightlife/cocktails_', 'suffix': '.png'}, 'primary': True}]",False,0,0,0,0,0,0,False,0,0,[],0,Nobody here,[],,Mundsburger Damm,
79,e-0-4f91cca1e4b02d8842f72db4-79,0,"[{'summary': 'This spot is popular', 'type': 'general', 'reasonName': 'globalInteractionReason'}]",4f91cca1e4b02d8842f72db4,KorallBar,Simon-von-Utrecht-Str. 89,53.55118982323543,9.962333584775845,"[{'label': 'display', 'lat': 53.55118982323543, 'lng': 9.962333584775845}]",2486,20359,DE,Hamburg,Hamburg,Deutschland,"['Simon-von-Utrecht-Str. 89 (Hein-Hoyer-Str.)', '20359 Hamburg', 'Deutschland']","[{'id': '4bf58dd8d48988d11b941735', 'name': 'Pub', 'pluralName': 'Pubs', 'shortName': 'Pub', 'icon': {'prefix': 'https://ss3.4sqi.net/img/categories_v2/nightlife/pub_', 'suffix': '.png'}, 'primary': True}]",False,0,0,0,0,0,0,False,0,0,[],0,Nobody here,[],,Hein-Hoyer-Str.,
80,e-0-4d8060f9551ea1cd916719c5-80,0,"[{'summary': 'This spot is popular', 'type': 'general', 'reasonName': 'globalInteractionReason'}]",4d8060f9551ea1cd916719c5,Nachtasyl,Alstertor 1,53.5519716980625,9.998252615332603,"[{'label': 'display', 'lat': 53.5519716980625, 'lng': 9.998252615332603}]",266,20095,DE,Hamburg,Hamburg,Deutschland,"['Alstertor 1', '20095 Hamburg', 'Deutschland']","[{'id': '4bf58dd8d48988d116941735', 'name': 'Bar', 'pluralName': 'Bars', 'shortName': 'Bar', 'icon': {'prefix': 'https://ss3.4sqi.net/img/categories_v2/nightlife/pub_', 'suffix': '.png'}, 'primary': True}]",False,0,0,0,0,0,0,False,0,0,[],0,Nobody here,[],,,
81,e-0-5593de51498e84c1c5eea1df-81,0,"[{'summary': 'This spot is popular', 'type': 'general', 'reasonName': 'globalInteractionReason'}]",5593de51498e84c1c5eea1df,Entenwerder1,Entenwerder 1,53.52937167561987,10.037802457809448,"[{'label': 'display', 'lat': 53.52937167561987, 'lng': 10.037802457809448}]",3748,20539,DE,Hamburg,Hamburg,Deutschland,"['Entenwerder 1', '20539 Hamburg', 'Deutschland']","[{'id': '4bf58dd8d48988d117941735', 'name': 'Beer Garden', 'pluralName': 'Beer Gardens', 'shortName': 'Beer Garden', 'icon': {'prefix': 'https://ss3.4sqi.net/img/categories_v2/nightlife/beergarden_', 'suffix': '.png'}, 'primary': True}]",False,0,0,0,0,0,0,False,0,0,[],0,Nobody here,[],,,
82,e-0-4b095f21f964a5204d1623e3-82,0,"[{'summary': 'This spot is popular', 'type': 'general', 'reasonName': 'globalInteractionReason'}]",4b095f21f964a5204d1623e3,Tiefenthal,Isestr. 77,53.583556733444844,9.985635401363634,"[{'label': 'display', 'lat': 53.583556733444844, 'lng': 9.985635401363634}]",3391,20149,DE,Hamburg,Hamburg,Deutschland,"['Isestr. 77', '20149 Hamburg', 'Deutschland']","[{'id': '4bf58dd8d48988d116941735', 'name': 'Bar', 'pluralName': 'Bars', 'shortName': 'Bar', 'icon': {'prefix': 'https://ss3.4sqi.net/img/categories_v2/nightlife/pub_', 'suffix': '.png'}, 'primary': True}]",True,0,0,0,0,0,0,False,0,0,[],0,Nobody here,[],66921233,,
83,e-0-4e710a991838f0daa0d6ae95-83,0,"[{'summary': 'This spot is popular', 'type': 'general', 'reasonName': 'globalInteractionReason'}]",4e710a991838f0daa0d6ae95,IndoChine IceBar,Neumühlen 11,53.54389036973865,9.92344236089002,"[{'label': 'display', 'lat': 53.54389036973865, 'lng': 9.92344236089002}]",5165,22763,DE,Hamburg,Hamburg,Deutschland,"['Neumühlen 11', '22763 Hamburg', 'Deutschland']","[{'id': '4bf58dd8d48988d116941735', 'name': 'Bar', 'pluralName': 'Bars', 'shortName': 'Bar', 'icon': {'prefix': 'https://ss3.4sqi.net/img/categories_v2/nightlife/pub_', 'suffix': '.png'}, 'primary': True}]",True,0,0,0,0,0,0,False,0,0,[],0,Nobody here,[],51600193,,
84,e-0-4c80f4742f1c236a48dd2a43-84,0,"[{'summary': 'This spot is popular', 'type': 'general', 'reasonName': 'globalInteractionReason'}]",4c80f4742f1c236a48dd2a43,Watergate,Bei den St. Pauli Landungsbrücken 8,53.545428481439714,9.965168522644838,"[{'label': 'display', 'lat': 53.545428481439714, 'lng': 9.965168522644838}]",2478,20359,DE,Hamburg,Hamburg,Deutschland,"['Bei den St. Pauli Landungsbrücken 8', '20359 Hamburg', 'Deutschland']","[{'id': '4bf58dd8d48988d116941735', 'name': 'Bar', 'pluralName': 'Bars', 'shortName': 'Bar', 'icon': {'prefix': 'https://ss3.4sqi.net/img/categories_v2/nightlife/pub_', 'suffix': '.png'}, 'primary': True}]",False,0,0,0,0,0,0,False,0,0,[],0,Nobody here,[],,,
85,e-0-5708ee0a498e3d3dfc535e28-85,0,"[{'summary': 'This spot is popular', 'type': 'general', 'reasonName': 'globalInteractionReason'}]",5708ee0a498e3d3dfc535e28,Vin Aqua Vin,Hellkamp 7,53.5770325866251,9.946612777761969,"[{'label': 'display', 'lat': 53.5770325866251, 'lng': 9.946612777761969}]",4324,20255,DE,Hamburg,Hamburg,Deutschland,"['Hellkamp 7', '20255 Hamburg', 'Deutschland']","[{'id': '4bf58dd8d48988d16d941735', 'name': 'Café', 'pluralName': 'Cafés', 'shortName': 'Café', 'icon': {'prefix': 'https://ss3.4sqi.net/img/categories_v2/food/cafe_', 'suffix': '.png'}, 'primary': True}]",False,0,0,0,0,0,0,False,0,0,[],0,Nobody here,[],,,
86,e-0-4cc5b25ebc239521db92bd33-86,0,"[{'summary': 'This spot is popular', 'type': 'general', 'reasonName': 'globalInteractionReason'}]",4cc5b25ebc239521db92bd33,Kosmos Sankt Liederlich,Paul-Roosen-Str. 25,53.553178743217394,9.958121995603861,"[{'label': 'display', 'lat': 53.553178743217394, 'lng': 9.958121995603861}]",2744,22767,DE,Hamburg,Hamburg,Deutschland,"['Paul-Roosen-Str. 25', '22767 Hamburg', 'Deutschland']","[{'id': '4bf58dd8d48988d116941735', 'name': 'Bar', 'pluralName': 'Bars', 'shortName': 'Bar', 'icon': {'prefix': 'https://ss3.4sqi.net/img/categories_v2/nightlife/pub_', 'suffix': '.png'}, 'primary': True}]",False,0,0,0,0,0,0,False,0,0,[],0,Nobody here,[],,,
87,e-0-4b8070bcf964a5208b7230e3-87,0,"[{'summary': 'This spot is popular', 'type': 'general', 'reasonName': 'globalInteractionReason'}]",4b8070bcf964a5208b7230e3,Zum Schellfischposten,Carsten-Rehder-Str. 62,53.544491823570716,9.946443741612066,"[{'label': 'display', 'lat': 53.544491823570716, 'lng': 9.946443741612066}]",3678,22767,DE,Hamburg,Hamburg,Deutschland,"['Carsten-Rehder-Str. 62', '22767 Hamburg', 'Deutschland']","[{'id': '4bf58dd8d48988d11b941735', 'name': 'Pub', 'pluralName': 'Pubs', 'shortName': 'Pub', 'icon': {'prefix': 'https://ss3.4sqi.net/img/categories_v2/nightlife/pub_', 'suffix': '.png'}, 'primary': True}]",False,0,0,0,0,0,0,False,0,0,[],0,Nobody here,[],,,
88,e-0-4b05885bf964a52039c022e3-88,0,"[{'summary': 'This spot is popular', 'type': 'general', 'reasonName': 'globalInteractionReason'}]",4b05885bf964a52039c022e3,Gazoline,132 Bahrenfelder Straße,53.553028516017136,9.929666267518048,"[{'label': 'display', 'lat': 53.553028516017136, 'lng': 9.929666267518048}]",4625,22765,DE,Hamburg,Hamburg,Deutschland,"['132 Bahrenfelder Straße', '22765 Hamburg', 'Deutschland']","[{'id': '4bf58dd8d48988d116941735', 'name': 'Bar', 'pluralName': 'Bars', 'shortName': 'Bar', 'icon': {'prefix': 'https://ss3.4sqi.net/img/categories_v2/nightlife/pub_', 'suffix': '.png'}, 'primary': True}]",False,0,0,0,0,0,0,False,0,0,[],0,Nobody here,[],,,
89,e-0-4b77b15ef964a5201fa72ee3-89,0,"[{'summary': 'This spot is popular', 'type': 'general', 'reasonName': 'globalInteractionReason'}]",4b77b15ef964a5201fa72ee3,Café MAY,Stormarner Str. 34,53.57779577965712,10.062699110680233,"[{'label': 'display', 'lat': 53.57779577965712, 'lng': 10.062699110680233}]",4928,22049,DE,Hamburg,Hamburg,Deutschland,"['Stormarner Str. 34', '22049 Hamburg', 'Deutschland']","[{'id': '4bf58dd8d48988d16d941735', 'name': 'Café', 'pluralName': 'Cafés', 'shortName': 'Café', 'icon': {'prefix': 'https://ss3.4sqi.net/img/categories_v2/food/cafe_', 'suffix': '.png'}, 'primary': True}]",False,0,0,0,0,0,0,False,0,0,[],0,Nobody here,[],,,
90,e-0-4beda58391380f47413aa018-90,0,"[{'summary': 'This spot is popular', 'type': 'general', 'reasonName': 'globalInteractionReason'}]",4beda58391380f47413aa018,Caipi Colada,Kanalstr. 3,53.57257486233466,10.016085740857179,"[{'label': 'display', 'lat': 53.57257486233466, 'lng': 10.016085740857179}]",2314,22085,DE,Hamburg,Hamburg,Deutschland,"['Kanalstr. 3 (Hofweg)', '22085 Hamburg', 'Deutschland']","[{'id': '4bf58dd8d48988d11e941735', 'name': 'Cocktail Bar', 'pluralName': 'Cocktail Bars', 'shortName': 'Cocktail', 'icon': {'prefix': 'https://ss3.4sqi.net/img/categories_v2/nightlife/cocktails_', 'suffix': '.png'}, 'primary': True}]",False,0,0,0,0,0,0,False,0,0,[],0,Nobody here,[],,Hofweg,
91,e-0-5751dd4e498eef496a9b849b-91,0,"[{'summary': 'This spot is popular', 'type': 'general', 'reasonName': 'globalInteractionReason'}]",5751dd4e498eef496a9b849b,Drip Bar,Antonistr. 4,53.54702334779768,9.957464548001381,"[{'label': 'display', 'lat': 53.54702334779768, 'lng': 9.957464548001381}]",2898,20359,DE,Hamburg,Hamburg,Deutschland,"['Antonistr. 4', '20359 Hamburg', 'Deutschland']","[{'id': '4bf58dd8d48988d11e941735', 'name': 'Cocktail Bar', 'pluralName': 'Cocktail Bars', 'shortName': 'Cocktail', 'icon': {'prefix': 'https://ss3.4sqi.net/img/categories_v2/nightlife/cocktails_', 'suffix': '.png'}, 'primary': True}]",False,0,0,0,0,0,0,False,0,0,[],0,Nobody here,[],,,
92,e-0-4b05885cf964a5207cc022e3-92,0,"[{'summary': 'This spot is popular', 'type': 'general', 'reasonName': 'globalInteractionReason'}]",4b05885cf964a5207cc022e3,Golden Pudel Club,St. Pauli Fischmarkt 27,53.54614711825744,9.95786726474762,"[{'label': 'display', 'lat': 53.54614711825744, 'lng': 9.95786726474762}]",2902,20359,DE,Hamburg,Hamburg,Deutschland,"['St. Pauli Fischmarkt 27', '20359 Hamburg', 'Deutschland']","[{'id': '4bf58dd8d48988d116941735', 'name': 'Bar', 'pluralName': 'Bars', 'shortName': 'Bar', 'icon': {'prefix': 'https://ss3.4sqi.net/img/categories_v2/nightlife/pub_', 'suffix': '.png'}, 'primary': True}]",False,0,0,0,0,0,0,False,0,0,[],0,Nobody here,[],,,
93,e-0-4aee09d0f964a52085d121e3-93,0,"[{'summary': 'This spot is popular', 'type': 'general', 'reasonName': 'globalInteractionReason'}]",4aee09d0f964a52085d121e3,Saal II,Schulterblatt 83,53.562769351916245,9.96085524559021,"[{'label': 'display', 'lat': 53.562769351916245, 'lng': 9.96085524559021}]",2731,20357,DE,Hamburg,Hamburg,Deutschland,"['Schulterblatt 83 (Eifflerstr.)', '20357 Hamburg', 'Deutschland']","[{'id': '4bf58dd8d48988d11b941735', 'name': 'Pub', 'pluralName': 'Pubs', 'shortName': 'Pub', 'icon': {'prefix': 'https://ss3.4sqi.net/img/categories_v2/nightlife/pub_', 'suffix': '.png'}, 'primary': True}]",False,0,0,0,0,0,0,False,0,0,[],0,Nobody here,[],,Eifflerstr.,
94,e-0-4b05885bf964a52048c022e3-94,0,"[{'summary': 'This spot is popular', 'type': 'general', 'reasonName': 'globalInteractionReason'}]",4b05885bf964a52048c022e3,Filmhauskneipe,Friedensallee 7,53.55442347178739,9.927553645930384,"[{'label': 'display', 'lat': 53.55442347178739, 'lng': 9.927553645930384}]",4763,22765,DE,Hamburg,Hamburg,Deutschland,"['Friedensallee 7', '22765 Hamburg', 'Deutschland']","[{'id': '4bf58dd8d48988d11b941735', 'name': 'Pub', 'pluralName': 'Pubs', 'shortName': 'Pub', 'icon': {'prefix': 'https://ss3.4sqi.net/img/categories_v2/nightlife/pub_', 'suffix': '.png'}, 'primary': True}]",False,0,0,0,0,0,0,False,0,0,[],0,Nobody here,[],,,
95,e-0-549810c2498ed65f033eef93-95,0,"[{'summary': 'This spot is popular', 'type': 'general', 'reasonName': 'globalInteractionReason'}]",549810c2498ed65f033eef93,The Walrus,Wohlwillstr. 47,53.55559609201344,9.962646858101737,"[{'label': 'display', 'lat': 53.55559609201344, 'lng': 9.962646858101737}]",2447,20359,DE,Hamburg,Hamburg,Deutschland,"['Wohlwillstr. 47', '20359 Hamburg', 'Deutschland']","[{'id': '4bf58dd8d48988d116941735', 'name': 'Bar', 'pluralName': 'Bars', 'shortName': 'Bar', 'icon': {'prefix': 'https://ss3.4sqi.net/img/categories_v2/nightlife/pub_', 'suffix': '.png'}, 'primary': True}]",False,0,0,0,0,0,0,False,0,0,[],0,Nobody here,[],,,
96,e-0-58937c45e612f2374827abc9-96,0,"[{'summary': 'This spot is popular', 'type': 'general', 'reasonName': 'globalInteractionReason'}]",58937c45e612f2374827abc9,STANDARD,,53.551189,9.957895,"[{'label': 'display', 'lat': 53.551189, 'lng': 9.957895}]",2777,,DE,Hamburg,Hamburg,Deutschland,"['Hamburg', 'Deutschland']","[{'id': '4bf58dd8d48988d11e941735', 'name': 'Cocktail Bar', 'pluralName': 'Cocktail Bars', 'shortName': 'Cocktail', 'icon': {'prefix': 'https://ss3.4sqi.net/img/categories_v2/nightlife/cocktails_', 'suffix': '.png'}, 'primary': True}]",False,0,0,0,0,0,0,False,0,0,[],0,Nobody here,[],,,
97,e-0-4b190522f964a52038d723e3-97,0,"[{'summary': 'This spot is popular', 'type': 'general', 'reasonName': 'globalInteractionReason'}]",4b190522f964a52038d723e3,Frank und Frei,Schanzenstr. 93,53.563091178655846,9.9653708048888,"[{'label': 'display', 'lat': 53.563091178655846, 'lng': 9.9653708048888}]",2467,20357,DE,Hamburg,Hamburg,Deutschland,"['Schanzenstr. 93', '20357 Hamburg', 'Deutschland']","[{'id': '4bf58dd8d48988d116941735', 'name': 'Bar', 'pluralName': 'Bars', 'shortName': 'Bar', 'icon': {'prefix': 'https://ss3.4sqi.net/img/categories_v2/nightlife/pub_', 'suffix': '.png'}, 'primary': True}]",False,0,0,0,0,0,0,False,0,0,[],0,Nobody here,[],,,
98,e-0-56c57250cd10eecab76df2d5-98,0,"[{'summary': 'This spot is popular', 'type': 'general', 'reasonName': 'globalInteractionReason'}]",56c57250cd10eecab76df2d5,Cafe & Bar Celona,Lenhartzstr. 1-5,53.5853658462862,9.981244835484226,"[{'label': 'display', 'lat': 53.5853658462862, 'lng': 9.981244835484226}]",3671,20249,DE,Hamburg,Hamburg,Deutschland,"['Lenhartzstr. 1-5 (Curschmannstr.)', '20249 Hamburg', 'Deutschland']","[{'id': '4bf58dd8d48988d16d941735', 'name': 'Café', 'pluralName': 'Cafés', 'shortName': 'Café', 'icon': {'prefix': 'https://ss3.4sqi.net/img/categories_v2/food/cafe_', 'suffix': '.png'}, 'primary': True}]",False,0,0,0,0,0,0,False,0,0,[],0,Nobody here,[],,Curschmannstr.,
99,e-0-4e91da358231d8feae870111-99,0,"[{'summary': 'This spot is popular', 'type': 'general', 'reasonName': 'globalInteractionReason'}]",4e91da358231d8feae870111,Sunset,Walddörferstr. 110,53.579509267123456,10.076860785484314,"[{'label': 'display', 'lat': 53.579509267123456, 'lng': 10.076860785484314}]",5832,22041,DE,Hamburg,Hamburg,Deutschland,"['Walddörferstr. 110', '22041 Hamburg', 'Deutschland']","[{'id': '4bf58dd8d48988d116941735', 'name': 'Bar', 'pluralName': 'Bars', 'shortName': 'Bar', 'icon': {'prefix': 'https://ss3.4sqi.net/img/categories_v2/nightlife/pub_', 'suffix': '.png'}, 'primary': True}]",False,0,0,0,0,0,0,False,0,0,[],0,Nobody here,[],,,
